Player,Team,Pos,Age,G,AB,R,H,2B,3B,HR,RBI,SB,CS,BB,SO,SH,SF,HBP,AVG,OBP,SLG,OPS
Isiah Kiner-Falefa,TEX,SS,26,90,361,45,93,16,2,6,30,15,2,13,61,1,2,7,.258,.295,.363,.658
Tommy Edman,STL,2B,26,88,361,47,93,20,3,5,25,16,3,19,49,1,1,3,.258,.299,.371,.670
Bo Bichette,TOR,SS,23,87,358,71,105,18,1,16,57,12,0,24,82,0,1,3,.293,.342,.483,.825
Marcus Semien,TOR,SS,30,87,354,67,98,21,1,22,56,10,1,37,94,0,2,1,.277,.345,.528,.873
Whit Merrifield,KC,2B,32,89,352,50,95,20,2,8,47,24,1,27,52,0,7,3,.270,.321,.406,.727
Salvador Perez,KC,C,31,89,349,41,96,16,0,21,53,0,0,8,98,0,1,5,.275,.300,.501,.801
Adam Frazier,PIT,2B,29,89,348,53,115,26,4,4,29,5,4,33,42,0,1,6,.330,.397,.463,.860
Trea Turner,WAS,SS,28,85,346,56,110,15,2,17,42,19,3,24,70,0,2,3,.318,.365,.520,.885
DJ LeMahieu,NYY,2B,33,85,341,47,92,12,0,7,36,3,0,42,58,0,2,2,.270,.351,.367,.718
Jake Cronenworth,SD,2B,27,91,340,63,94,20,3,12,34,4,1,34,54,3,1,5,.276,.350,.459,.809
Jonathan Schoop,DET,2B,29,87,339,45,94,14,1,16,52,1,0,21,79,0,5,3,.277,.321,.466,.787
Mitch Haniger,SEA,OF,30,86,339,58,87,16,1,20,52,0,0,24,88,0,3,4,.257,.311,.487,.798
Cedric Mullins,BAL,OF,26,88,338,49,106,23,3,16,35,16,5,34,72,0,3,4,.314,.380,.541,.921
Ozzie Albies,ATL,2B,24,87,336,53,88,25,5,15,61,13,2,29,66,0,3,3,.262,.323,.500,.823
Raimel Tapia,COL,OF,27,88,336,53,95,20,0,5,39,15,3,28,50,1,2,0,.283,.336,.387,.723
Paul Goldschmidt,STL,1B,33,88,336,48,89,15,1,13,49,5,0,34,76,0,1,2,.265,.335,.432,.767
Nolan Arenado,STL,3B,30,88,336,42,89,26,1,17,56,1,0,26,48,0,3,2,.265,.319,.500,.819
Nick Castellanos,CIN,OF,29,84,335,58,111,29,1,18,59,2,1,27,79,0,1,2,.331,.384,.585,.969
Kyle Seager,SEA,3B,33,89,333,32,71,16,1,16,50,2,1,29,97,0,3,3,.213,.280,.411,.691
David Fletcher,LAA,2B,27,84,333,52,103,16,1,2,32,4,1,14,37,6,1,0,.309,.336,.381,.717
Cesar Hernandez,CLE,2B,31,85,332,53,75,13,2,15,38,0,0,35,82,0,1,3,.226,.305,.413,.718
Eduardo Escobar,ARI,3B,32,88,331,45,84,12,2,20,60,1,0,23,75,0,1,0,.254,.301,.483,.784
Rafael Devers,BOS,3B,24,87,330,59,93,25,1,22,72,3,5,31,87,0,3,5,.282,.350,.564,.914
J.P. Crawford,SEA,SS,26,90,330,46,92,22,0,5,31,3,3,31,59,0,2,1,.279,.341,.391,.732
Dansby Swanson,ATL,SS,27,89,329,40,80,20,2,15,40,6,3,26,102,1,3,3,.243,.302,.453,.755
Freddie Freeman,ATL,1B,31,88,329,58,90,14,0,19,50,4,2,55,72,0,1,3,.274,.381,.489,.870
Rhys Hoskins,PHI,1B,28,87,328,49,77,22,0,20,55,2,0,34,93,0,2,4,.235,.313,.485,.798
Randal Grichuk,TOR,OF,29,85,328,38,85,16,1,16,57,0,3,12,77,0,1,2,.259,.289,.460,.749
J.D. Martinez,BOS,DH,33,84,324,60,97,23,3,18,62,0,0,38,83,0,4,1,.299,.371,.556,.927
Trey Mancini,BAL,1B,29,86,324,48,83,18,0,16,55,0,0,32,84,0,1,5,.256,.331,.460,.791
Jared Walsh,LAA,1B,27,87,324,47,90,22,1,22,65,2,1,26,98,0,1,3,.278,.336,.556,.892
Dylan Carlson,STL,OF,22,88,322,45,83,16,3,7,31,0,0,38,90,0,4,6,.258,.343,.391,.734
Xander Bogaerts,BOS,SS,28,85,321,57,103,27,0,15,51,5,1,33,66,0,4,3,.321,.385,.545,.930
Eugenio Suarez,CIN,3B,29,86,320,43,56,9,0,18,50,0,1,30,107,0,3,6,.175,.256,.372,.628
Alex Verdugo,BOS,OF,25,83,320,55,89,18,1,9,36,4,1,31,46,0,2,3,.278,.346,.425,.771
Jesse Winker,CIN,OF,27,82,319,58,96,17,1,19,50,1,0,36,62,0,0,6,.301,.382,.539,.921
Nick Solak,TEX,2B,26,86,319,42,73,11,2,9,34,4,3,19,85,1,2,13,.229,.297,.361,.658
Nate Lowe,TEX,1B,26,89,319,39,82,9,1,12,43,4,0,49,98,0,2,2,.257,.358,.404,.762
Bryan Reynolds,PIT,OF,26,87,318,50,96,21,0,16,51,3,1,42,74,0,1,3,.302,.387,.519,.906
Jose Altuve,HOU,2B,31,78,317,65,88,10,0,20,55,4,1,43,58,0,6,2,.278,.361,.498,.859
Vladimir Guerrero,TOR,1B,22,87,316,68,105,17,1,28,73,2,1,52,66,0,2,4,.332,.430,.658,1.088
Pavin Smith,ARI,1B,25,87,316,41,83,18,3,7,28,1,0,23,65,0,1,2,.263,.316,.405,.721
Randy Arozarena,TB,OF,26,82,315,52,79,15,1,10,41,11,6,34,96,0,2,6,.251,.333,.400,.733
Starlin Castro,WAS,2B,31,87,315,25,89,20,0,3,38,0,1,26,62,0,4,0,.283,.333,.375,.708
Jorge Polanco,MIN,SS,28,82,313,49,79,18,1,12,43,7,3,28,53,0,4,4,.252,.318,.431,.749
Matt Chapman,OAK,3B,28,89,313,41,71,11,3,11,42,1,0,44,111,0,8,2,.227,.319,.387,.706
Matt Olson,OAK,1B,27,86,312,58,88,20,0,23,59,3,1,42,60,0,5,5,.282,.371,.567,.938
Aaron Judge,NYY,OF,29,84,312,51,88,13,0,21,47,1,0,46,90,0,1,1,.282,.375,.526,.901
Austin Meadows,TB,OF,26,84,312,51,75,23,1,16,58,3,0,41,85,0,2,4,.240,.334,.474,.808
Tim Anderson,CWS,SS,28,74,311,55,96,18,0,6,32,14,7,17,78,0,1,1,.309,.345,.424,.769
Adolis Garcia,TEX,OF,28,80,311,43,84,10,2,22,62,8,4,16,102,0,2,4,.270,.312,.527,.839
Robbie Grossman,DET,OF,31,86,310,44,70,12,2,12,42,11,4,60,89,2,5,4,.226,.354,.394,.748
Carlos Santana,KC,1B,35,89,309,48,76,9,0,15,50,2,0,59,56,0,4,3,.246,.368,.421,.789
Jose Abreu,CWS,1B,34,83,308,45,78,14,1,15,66,1,0,32,86,0,7,9,.253,.334,.451,.785
Francisco Lindor,NYM,SS,27,87,308,49,70,11,1,11,36,8,2,41,61,5,2,5,.227,.326,.377,.703
Austin Riley,ATL,3B,24,88,308,42,85,15,1,14,42,0,1,35,90,0,4,7,.276,.359,.468,.827
Yuli Gurriel,HOU,1B,37,84,307,44,96,19,0,10,54,1,1,36,34,0,10,2,.313,.377,.472,.849
Elvis Andrus,OAK,SS,32,89,307,31,72,19,1,2,21,8,2,18,55,0,3,1,.235,.277,.322,.599
Carlos Correa,HOU,SS,26,82,306,61,88,20,0,16,52,0,0,47,63,0,2,3,.288,.385,.510,.895
Mookie Betts,LAD,OF,28,79,305,58,78,21,3,13,38,7,3,47,58,0,3,8,.256,.366,.472,.838
Jeimer Candelario,DET,1B,27,81,305,37,80,20,0,5,24,0,0,37,82,0,0,2,.262,.346,.377,.723
Justin Turner,LAD,3B,36,84,305,50,93,14,0,15,50,0,0,39,62,0,3,6,.305,.391,.498,.889
Manny Machado,SD,3B,29,85,303,53,81,15,2,15,60,9,2,43,59,0,6,1,.267,.354,.479,.833
Ryan McMahon,COL,2B,26,86,302,50,77,16,1,16,47,4,1,28,90,0,4,1,.255,.316,.474,.790
Ryan Mountcastle,BAL,1B,24,83,302,39,77,14,1,14,48,3,2,20,94,0,3,3,.255,.305,.447,.752
Shohei Ohtani,LAA,P,27,13,301,65,84,19,4,33,70,12,4,38,98,0,1,3,.279,.364,.698,1.062
Eric Hosmer,SD,1B,31,84,301,29,80,12,0,7,41,4,2,22,51,1,1,4,.266,.323,.375,.698
David Peralta,ARI,OF,33,85,300,32,76,18,6,4,41,1,1,27,53,0,0,2,.253,.319,.393,.712
Kevin Newman,PIT,2B,27,83,300,27,63,8,1,3,13,2,0,16,22,1,1,1,.210,.252,.273,.525
Alec Bohm,PHI,3B,24,85,300,38,73,12,0,6,41,4,0,24,86,0,4,1,.243,.298,.343,.641
Jed Lowrie,OAK,2B,37,86,300,40,79,18,0,10,42,0,0,33,67,0,0,0,.263,.336,.423,.759
Jesus Aguilar,MIA,1B,31,86,298,29,80,15,0,15,62,0,0,29,60,0,7,2,.268,.330,.470,.800
Josh Rojas,ARI,2B,27,87,297,45,76,18,1,10,26,5,2,37,88,0,1,0,.256,.337,.424,.761
Ronald Acuna,ATL,OF,23,82,297,72,84,19,1,24,52,17,6,49,85,0,5,9,.283,.394,.596,.990
Gio Urshela,NYY,3B,29,78,295,30,81,14,1,11,38,1,0,17,78,0,1,1,.275,.315,.441,.756
Amed Rosario,CLE,SS,25,80,294,40,76,9,4,5,25,8,0,18,65,0,0,2,.259,.306,.367,.673
Lourdes Gurriel,TOR,OF,27,79,294,33,77,17,0,10,36,1,2,12,63,1,5,1,.262,.288,.422,.710
Ty France,SEA,2B,27,81,294,39,77,20,0,8,37,0,0,26,60,0,4,13,.262,.344,.412,.756
Kyle Tucker,HOU,OF,24,79,292,48,79,21,1,15,49,7,1,27,52,0,4,1,.271,.330,.503,.833
Chris Taylor,LAD,2B,30,86,292,63,81,15,3,10,46,8,1,43,88,0,1,7,.277,.382,.452,.834
Jose Ramirez,CLE,3B,28,82,292,60,76,18,1,19,52,8,2,35,44,0,3,5,.260,.346,.524,.870
Kris Bryant,CHC,3B,29,81,291,50,79,17,1,16,46,4,2,33,78,0,1,4,.271,.353,.502,.855
Maikel Franco,BAL,3B,28,77,290,27,64,18,0,9,42,0,0,17,50,0,1,1,.221,.265,.376,.641
Javier Baez,CHC,SS,28,79,290,42,69,7,2,21,56,10,2,14,115,0,3,6,.238,.284,.493,.777
Myles Straw,HOU,OF,26,86,289,40,77,11,1,2,28,13,5,36,61,1,4,2,.266,.347,.332,.679
Brandon Lowe,TB,2B,27,82,288,47,60,11,0,21,48,4,1,39,108,0,1,7,.208,.316,.465,.781
Luis Urias,MIL,SS,24,86,287,43,68,14,1,12,42,5,0,34,76,0,2,6,.237,.328,.418,.746
Trevor Story,COL,SS,28,77,285,42,71,18,2,11,42,17,4,29,72,0,4,4,.249,.323,.442,.765
Avisail Garcia,MIL,OF,30,81,285,37,73,11,0,16,55,4,3,21,80,0,2,6,.256,.318,.463,.781
Jose Iglesias,LAA,SS,31,75,284,35,78,11,1,7,27,3,1,10,45,0,0,3,.275,.306,.394,.700
Tommy Pham,SD,OF,33,89,283,47,72,12,2,9,30,12,5,48,75,0,3,4,.254,.367,.406,.773
Eddie Rosario,CLE,OF,29,78,283,29,72,15,1,7,46,9,2,17,47,2,3,1,.254,.296,.389,.685
Charlie Blackmon,COL,OF,35,84,283,35,74,13,2,4,41,0,0,36,44,0,1,7,.261,.358,.364,.722
Yordan Alvarez,HOU,DH,24,75,282,53,83,16,1,16,56,1,0,24,83,0,2,7,.294,.362,.528,.890
Michael Brantley,HOU,OF,34,69,282,42,92,23,2,5,31,0,0,19,34,0,1,2,.326,.372,.475,.847
Andrew McCutchen,PHI,OF,34,82,281,47,64,11,1,15,48,6,1,51,77,0,6,3,.228,.346,.434,.780
Hunter Renfroe,BOS,OF,29,79,281,47,74,16,0,13,46,0,2,25,67,0,5,1,.263,.321,.459,.780
Gleyber Torres,NYY,SS,24,77,279,26,67,10,0,3,29,6,2,36,63,1,1,0,.240,.326,.308,.634
Enrique Hernandez,BOS,2B,29,75,279,43,66,19,1,11,30,1,0,27,68,0,3,7,.237,.316,.430,.746
Dominic Smith,NYM,1B,26,84,278,33,70,11,0,9,37,2,1,23,74,0,3,7,.252,.322,.388,.710
Garrett Hampson,COL,2B,26,84,277,39,70,17,5,6,21,13,3,18,72,2,2,2,.253,.301,.415,.716
Joey Gallo,TEX,OF,27,84,276,53,66,6,0,24,52,6,0,72,108,0,0,3,.239,.402,.522,.924
Christian Vazquez,BOS,C,30,79,276,33,72,13,0,4,34,8,1,18,57,0,3,2,.261,.308,.351,.659
Anthony Rizzo,CHC,1B,31,79,275,32,68,14,3,10,33,4,2,31,53,0,3,10,.247,.342,.429,.771
Teoscar Hernandez,TOR,OF,28,68,273,35,81,15,0,11,48,6,3,19,72,0,1,0,.297,.341,.473,.814
Fernando Tatis,SD,SS,22,74,273,67,78,17,0,28,60,20,2,36,88,0,4,0,.286,.364,.656,1.020
Ramon Laureano,OAK,OF,26,71,273,39,66,13,2,13,31,11,4,25,76,0,1,8,.242,.322,.447,.769
Nelson Cruz,MIN,DH,41,78,273,41,83,11,1,18,46,2,0,33,57,0,5,4,.304,.381,.549,.930
Pete Alonso,NYM,1B,26,78,272,38,68,11,0,17,49,1,0,28,65,0,3,5,.250,.328,.478,.806
Juan Soto,WAS,OF,22,79,272,54,77,9,1,11,42,5,5,58,52,0,2,0,.283,.407,.445,.852
Yoan Moncada,CWS,3B,26,78,272,38,74,15,1,5,39,2,1,55,84,0,2,5,.272,.401,.390,.791
Mark Canha,OAK,OF,32,74,271,55,69,12,4,11,33,7,1,40,68,0,1,13,.255,.375,.450,.825
Michael Taylor,KC,OF,30,80,270,35,67,7,1,8,32,6,3,19,92,0,1,2,.248,.301,.370,.671
Manuel Margot,TB,OF,26,76,270,32,68,10,2,9,44,9,4,18,44,0,2,0,.252,.297,.404,.701
Adam Duvall,MIA,OF,32,79,269,37,63,9,1,19,62,5,0,17,89,0,3,1,.234,.279,.487,.766
Josh Harrison,WAS,2B,34,77,269,29,73,13,0,5,32,5,2,21,48,0,1,11,.271,.348,.375,.723
Jorge Soler,KC,OF,29,82,269,27,50,15,0,7,30,0,0,31,88,0,3,5,.186,.279,.320,.599
Gavin Lux,LAD,2B,23,79,268,38,62,10,3,6,37,3,1,31,71,0,2,2,.231,.314,.358,.672
Yandy Diaz,TB,3B,29,77,268,36,67,10,0,4,30,0,0,52,50,0,1,2,.250,.375,.332,.707
Willson Contreras,CHC,C,29,80,267,36,63,10,0,13,31,3,3,37,87,0,2,8,.236,.344,.419,.763
Brandon Crawford,SF,SS,34,79,266,49,77,15,1,18,58,7,0,31,64,0,3,2,.289,.364,.556,.920
Kyle Schwarber,WAS,OF,28,72,265,42,67,9,0,25,53,1,1,31,88,0,2,5,.253,.340,.570,.910
Jackie Bradley,MIL,OF,31,82,264,25,44,8,2,6,24,5,1,23,90,0,3,8,.167,.252,.280,.532
Jonathan India,CIN,2B,24,79,258,42,71,12,2,6,35,7,3,41,70,1,3,13,.275,.397,.407,.804
Wil Myers,SD,OF,30,82,257,27,65,13,1,10,37,5,5,31,79,0,3,0,.253,.330,.428,.758
Joc Pederson,CHC,OF,29,73,256,35,59,11,2,11,39,2,3,22,74,0,4,5,.230,.300,.418,.718
Mike Yastrzemski,SF,OF,30,71,256,44,60,20,2,12,34,1,0,32,63,0,1,7,.234,.334,.469,.803
Max Muncy,LAD,2B,30,78,256,54,69,15,1,19,52,1,0,58,57,0,0,5,.270,.414,.559,.973
Nick Ahmed,ARI,SS,31,79,254,26,53,15,2,2,15,5,2,22,68,1,0,2,.209,.277,.307,.584
Hunter Dozier,KC,1B,29,73,253,27,44,15,2,8,26,1,1,21,82,0,1,2,.174,.242,.344,.586
Jazz Chisholm,MIA,2B,23,67,253,35,65,9,3,11,34,11,5,20,89,1,1,3,.257,.318,.447,.765
Miguel Cabrera,DET,DH,38,68,253,28,61,6,0,7,32,0,0,19,74,0,2,3,.241,.300,.348,.648
Giancarlo Stanton,NYY,DH,31,69,252,30,68,9,0,15,42,0,0,37,80,0,1,1,.270,.364,.484,.848
Willi Castro,DET,SS,24,74,252,34,54,10,2,6,28,4,1,18,72,3,2,5,.214,.278,.341,.619
Tyler Naquin,CIN,OF,30,79,252,28,61,11,0,13,49,4,2,21,71,0,3,5,.242,.310,.440,.750
Miguel Rojas,MIA,SS,32,68,252,36,65,16,2,4,24,6,1,20,39,0,0,4,.258,.322,.385,.707
Joey Wendle,TB,2B,31,76,251,45,69,21,1,7,33,6,5,17,62,0,2,7,.275,.336,.450,.786
Josh Bell,WAS,1B,28,73,249,41,61,14,0,12,42,0,0,23,61,0,1,1,.245,.310,.446,.756
Freddy Galvis,BAL,2B,31,72,249,36,62,12,1,9,26,1,0,18,58,2,1,3,.249,.306,.414,.720
Bryce Harper,PHI,OF,28,68,248,47,69,14,0,15,34,7,0,35,70,0,1,4,.278,.375,.516,.891
Sean Murphy,OAK,C,26,74,248,31,55,15,0,12,43,0,0,24,72,0,2,10,.222,.313,.427,.740
Yadier Molina,STL,C,39,68,245,26,63,14,0,8,40,2,0,16,46,0,2,1,.257,.303,.412,.715
Andrew Benintendi,KC,OF,27,66,244,34,67,7,1,10,35,7,6,19,52,0,2,1,.275,.327,.434,.761
Yonathan Daza,COL,OF,27,80,244,22,72,11,2,2,28,2,1,18,46,5,1,1,.295,.345,.381,.726
Bobby Dalbec,BOS,1B,26,72,242,25,53,10,3,10,36,1,0,12,95,0,1,3,.219,.264,.409,.673
Kyle Farmer,CIN,2B,30,85,241,28,53,7,0,7,28,2,2,12,48,1,3,13,.220,.290,.336,.626
Joshua Fuentes,COL,1B,28,82,241,27,58,11,1,7,32,0,0,11,61,0,1,0,.241,.273,.382,.655
Andrew Vaughn,CWS,1B,23,75,241,38,61,18,0,10,26,1,1,22,68,0,5,4,.253,.320,.452,.772
Yermin Mercedes,CWS,DH,28,68,240,26,65,9,1,7,37,0,1,20,46,0,1,1,.271,.328,.404,.732
Jean Segura,PHI,2B,31,61,239,34,77,14,3,4,26,6,1,16,39,0,1,3,.322,.371,.456,.827
Jurickson Profar,SD,2B,28,85,237,33,55,11,1,1,20,10,2,36,45,1,2,2,.232,.336,.300,.636
Leury Garcia,CWS,SS,30,73,236,36,62,10,3,3,39,2,1,25,63,6,3,0,.263,.330,.369,.699
J.T. Realmuto,PHI,C,30,70,235,33,63,12,2,8,34,5,2,33,64,0,2,6,.268,.370,.438,.808
Andrelton Simmons,MIN,SS,31,70,234,30,54,9,0,3,18,0,0,22,43,3,0,2,.231,.302,.308,.610
Trent Grisham,SD,OF,24,64,234,35,64,14,2,11,36,8,2,29,61,0,1,2,.274,.357,.491,.848
Josh Naylor,CLE,OF,24,69,233,28,59,13,0,7,21,1,0,14,45,0,0,2,.253,.301,.399,.700
James McCann,NYM,C,31,75,233,19,58,8,0,7,29,0,0,22,79,0,1,2,.249,.318,.373,.691
C.J. Cron,COL,1B,31,74,232,35,59,12,1,12,35,0,0,32,61,0,2,9,.254,.364,.470,.834
Miguel Sano,MIN,1B,28,68,230,31,45,8,0,15,35,0,0,26,94,0,1,1,.196,.279,.426,.705
Gary Sanchez,NYY,C,28,69,230,35,50,10,0,15,35,0,0,35,73,0,0,3,.217,.328,.457,.785
Ian Happ,CHC,OF,26,77,230,26,42,7,0,9,23,1,1,34,78,2,0,3,.183,.296,.330,.626
Will Smith,LAD,C,26,74,230,37,58,12,1,10,32,1,0,31,54,0,5,9,.252,.356,.443,.799
Nicky Lopez,KC,2B,26,81,230,35,61,8,3,0,15,8,0,30,35,5,2,1,.265,.350,.326,.676
Alex Bregman,HOU,3B,27,59,229,37,63,14,0,7,34,1,0,29,42,0,2,2,.275,.359,.428,.787
Tyler O'Neill,STL,OF,26,68,229,38,63,17,0,15,37,7,3,15,76,0,2,6,.275,.333,.546,.879
Josh Donaldson,MIN,3B,35,69,229,39,57,14,0,13,35,0,0,38,53,0,6,1,.249,.350,.480,.830
Odubel Herrera,PHI,OF,29,62,228,33,55,14,1,6,25,4,0,14,45,0,4,4,.241,.292,.390,.682
Luis Arraez,MIN,2B,24,62,226,37,67,8,4,1,23,1,1,24,26,0,3,2,.296,.365,.381,.746
Justin Upton,LAA,OF,33,63,223,40,55,10,0,14,32,3,1,30,74,0,2,1,.247,.336,.480,.816
Gregory Polanco,PIT,OF,29,70,221,23,44,7,1,9,23,8,0,26,74,0,5,0,.199,.278,.362,.640
Erik Gonzalez,PIT,SS,29,71,220,17,51,7,1,2,21,2,2,8,40,0,1,0,.232,.258,.300,.558
Wilmer Flores,SF,2B,29,78,220,34,56,9,1,9,30,1,0,26,31,0,2,1,.255,.333,.427,.760
Victor Robles,WAS,OF,24,77,220,26,46,16,1,1,11,7,5,26,61,2,1,11,.209,.322,.305,.627
Austin Hays,BAL,OF,26,59,219,36,54,10,2,9,31,1,0,15,48,2,1,3,.247,.303,.434,.737
Jacob Stallings,PIT,C,31,66,219,22,50,15,1,7,36,0,0,25,51,0,0,2,.228,.313,.402,.715
Marwin Gonzalez,BOS,2B,32,70,219,23,45,14,0,2,18,3,1,17,61,1,1,8,.205,.286,.297,.583
Joey Votto,CIN,1B,37,61,218,26,56,10,1,11,40,1,0,28,58,0,0,2,.257,.347,.463,.810
Anthony Rendon,LAA,3B,31,58,217,24,52,13,0,6,34,0,0,29,41,0,2,1,.240,.329,.382,.711
Martin Maldonado,HOU,C,34,65,215,22,37,6,1,6,22,0,0,20,75,0,0,4,.172,.255,.293,.548
Jon Berti,MIA,2B,31,78,215,33,47,9,1,4,18,8,4,30,54,1,2,1,.219,.315,.326,.641
Yan Gomes,WAS,C,33,61,214,29,57,11,1,8,33,0,0,13,46,0,0,4,.266,.320,.439,.759
Omar Narvaez,MIL,C,29,71,213,34,64,12,0,8,26,0,0,29,43,0,2,6,.300,.396,.469,.865
Anthony Santander,BAL,OF,26,58,212,21,48,15,0,6,23,0,1,12,57,1,3,2,.226,.271,.382,.653
Akil Baddoo,DET,OF,22,71,210,30,57,14,4,6,28,13,3,27,67,0,2,0,.271,.351,.462,.813
Cavan Biggio,TOR,2B,26,64,208,24,47,10,1,6,24,3,1,33,67,1,4,1,.226,.329,.370,.699
Garrett Cooper,MIA,1B,30,67,206,29,60,10,1,9,32,1,1,29,64,0,0,3,.291,.387,.481,.868
Paul DeJong,STL,SS,27,62,205,26,38,5,0,12,28,3,0,24,58,0,0,5,.185,.286,.385,.671
Willie Calhoun,TEX,OF,26,59,205,23,52,8,2,5,19,0,2,19,27,0,0,2,.254,.323,.385,.708
Niko Goodrum,DET,2B,29,63,205,28,45,5,1,6,18,12,4,20,83,0,2,3,.220,.296,.341,.637
Corey Dickerson,MIA,OF,32,63,205,27,54,12,3,2,14,2,4,16,45,0,1,3,.263,.324,.380,.704
Jonathan Villar,NYM,2B,30,68,204,32,48,10,1,9,18,8,4,23,56,1,0,2,.235,.319,.426,.745
Dylan Moore,SEA,2B,28,66,204,23,36,9,1,8,28,14,2,23,74,0,1,3,.176,.268,.348,.616
Jason Heyward,CHC,OF,31,66,204,26,43,9,1,5,17,4,0,23,49,0,0,2,.211,.297,.338,.635
Donovan Solano,SF,2B,33,60,202,23,53,11,0,3,21,1,0,16,42,0,4,2,.262,.317,.361,.678
Tucker Barnhart,CIN,C,30,67,202,30,54,17,0,4,28,0,0,21,67,0,1,4,.267,.346,.411,.757
Buster Posey,SF,C,34,58,201,35,66,8,0,12,28,0,0,31,44,0,0,1,.328,.421,.547,.968
Pedro Severino,BAL,C,27,61,200,20,44,8,0,4,17,0,0,23,55,0,1,0,.220,.299,.320,.619
Alex Kirilloff,MIN,OF,23,54,200,23,53,11,1,8,34,1,1,14,48,0,1,1,.265,.315,.450,.765
Nick Madrigal,CWS,2B,24,54,200,30,61,10,4,2,21,1,2,11,17,0,1,3,.305,.349,.425,.774
AJ Pollock,LAD,OF,33,64,199,28,54,13,0,12,33,2,0,16,49,0,0,2,.271,.332,.518,.850
Max Kepler,MIN,OF,28,55,198,31,44,11,3,10,35,7,0,25,50,0,2,2,.222,.313,.460,.773
Christian Walker,ARI,1B,30,55,197,25,44,9,1,4,21,0,0,14,48,0,1,2,.223,.280,.340,.620
Victor Caratini,SD,C,27,74,196,20,44,6,0,6,29,2,0,25,59,0,3,3,.224,.317,.347,.664
Kolten Wong,MIL,2B,30,53,196,30,57,15,1,7,20,6,4,12,33,0,1,5,.291,.346,.485,.831
Tyler Stephenson,CIN,C,24,72,195,34,55,13,0,5,22,0,0,25,41,0,0,6,.282,.381,.426,.807
Kevin Kiermaier,TB,OF,31,64,194,25,46,11,1,2,18,5,1,13,62,0,0,2,.237,.292,.335,.627
Kevin Pillar,NYM,OF,32,67,193,24,42,7,1,8,23,2,2,8,48,0,0,2,.218,.256,.389,.645
Taylor Ward,LAA,OF,27,59,193,28,44,12,0,7,28,1,1,18,54,1,1,6,.228,.312,.399,.711
Starling Marte,MIA,OF,32,53,192,44,52,7,1,6,18,17,2,29,50,1,1,6,.271,.382,.411,.793
Asdrubal Cabrera,ARI,3B,35,63,192,25,46,13,0,5,28,1,0,26,47,0,3,2,.240,.332,.385,.717
Brett Gardner,NYY,OF,37,75,191,22,37,8,2,3,13,1,0,32,55,4,4,2,.194,.310,.304,.614
Adam Eaton,CWS,OF,32,58,189,33,38,8,2,5,28,2,0,20,55,4,0,6,.201,.298,.344,.642
Marcell Ozuna,ATL,OF,30,48,188,21,40,6,0,7,26,0,0,19,46,0,0,1,.213,.288,.356,.644
Mike Zunino,TB,C,30,61,187,34,37,5,0,19,37,0,0,20,83,0,1,4,.198,.288,.529,.817
Christian Yelich,MIL,OF,29,59,187,39,45,7,1,5,24,6,1,47,66,0,1,3,.241,.399,.369,.768
Guillermo Heredia,ATL,OF,30,59,186,30,47,18,0,4,19,0,0,20,53,0,1,6,.253,.343,.414,.757
Harold Ramirez,CLE,OF,26,57,186,24,52,13,1,6,22,2,0,9,29,0,1,4,.280,.325,.457,.782
Clint Frazier,NYY,OF,26,66,183,20,34,9,0,5,15,2,0,32,65,0,0,3,.186,.317,.317,.634
Juan Lagares,LAA,OF,32,58,183,24,40,16,1,2,24,0,0,6,39,1,1,1,.219,.246,.350,.596
Phillip Evans,PIT,3B,28,57,183,20,38,4,0,5,15,1,0,23,48,0,0,4,.208,.310,.311,.621
Ha-Seong Kim,SD,SS,25,72,183,17,38,7,2,5,23,5,1,12,47,0,2,4,.208,.269,.350,.619
Trevor Larnach,MIN,OF,24,54,182,25,45,9,0,7,21,1,0,21,69,0,1,6,.247,.343,.412,.755
DJ Stewart,BAL,OF,27,63,181,24,37,6,0,7,23,0,0,26,62,0,0,2,.204,.311,.354,.665
Yasmani Grandal,CWS,C,32,63,181,42,34,3,0,14,38,0,0,60,64,1,3,1,.188,.388,.436,.824
Austin Slater,SF,OF,28,74,180,23,40,3,1,9,22,8,2,18,64,0,0,1,.222,.296,.400,.696
Tony Kemp,OAK,2B,29,71,179,28,43,10,2,4,18,4,1,35,37,4,4,4,.240,.369,.385,.754
Travis Shaw,MIL,3B,31,56,178,14,34,8,0,6,28,0,0,19,51,1,1,3,.191,.279,.337,.616
Franmil Reyes,CLE,DH,26,47,173,26,47,10,2,14,38,2,0,14,57,0,1,1,.272,.328,.595,.923
Seth Brown,OAK,OF,29,70,173,23,33,7,1,10,28,1,0,18,52,0,1,1,.191,.269,.416,.685
Willy Adames,MIL,SS,25,48,172,27,50,15,0,9,30,2,2,23,47,0,0,0,.291,.374,.535,.909
David Dahl,TEX,OF,27,51,172,18,38,9,0,4,14,2,1,7,47,1,2,1,.221,.253,.343,.596
Alex Dickerson,SF,OF,31,65,172,21,39,5,1,8,24,1,0,13,45,0,0,4,.227,.296,.407,.703
Daniel Vogelbach,MIL,1B,28,67,171,23,37,8,0,7,16,0,0,27,42,0,0,0,.216,.323,.386,.709
Brandon Belt,SF,1B,33,55,170,30,43,7,2,11,28,3,1,28,65,0,1,2,.253,.363,.512,.875
Steven Duggar,SF,OF,27,63,167,31,48,11,2,6,26,6,0,19,61,0,0,0,.287,.360,.485,.845
Jose Trevino,TEX,C,28,54,165,14,38,4,0,3,17,0,1,4,35,2,3,0,.230,.244,.309,.553
Nomar Mazara,DET,OF,26,50,165,12,35,5,2,3,19,0,0,15,45,0,1,0,.212,.276,.321,.597
Rougned Odor,NYY,2B,27,52,165,22,36,7,0,9,21,0,0,13,48,0,0,4,.218,.291,.424,.715
Tom Murphy,SEA,C,30,55,165,21,32,7,0,7,19,0,0,18,63,0,2,1,.194,.274,.364,.638
Michael Conforto,NYM,OF,28,53,163,16,33,7,0,3,19,0,0,29,46,0,1,7,.202,.345,.301,.646
Jeff McNeil,NYM,2B,29,54,163,20,42,5,0,3,14,1,0,16,24,0,0,6,.258,.346,.344,.690
Keston Hiura,MIL,2B,24,54,161,16,27,9,1,4,18,2,0,14,71,2,1,7,.168,.262,.311,.573
Evan Longoria,SF,3B,35,50,161,28,45,11,0,9,30,1,1,25,42,0,0,0,.280,.376,.516,.892
Mitch Moreland,OAK,1B,35,57,160,19,38,6,0,6,22,0,0,11,44,0,3,1,.238,.286,.388,.674
Eric Sogard,CHC,2B,35,73,160,16,40,5,1,1,11,3,1,9,30,0,2,0,.250,.287,.313,.600
Eric Haase,DET,C,28,44,160,26,39,6,1,13,27,1,0,10,57,0,0,1,.244,.292,.538,.830
Harold Castro,DET,OF,27,51,160,16,45,3,0,1,19,0,1,12,40,2,0,0,.281,.331,.319,.650
Charlie Culberson,TEX,OF,32,56,159,17,39,10,2,3,16,4,0,12,44,3,0,1,.245,.302,.390,.692
Elias Diaz,COL,C,30,51,159,19,34,6,0,7,18,0,0,17,31,0,1,0,.214,.288,.384,.672
Brett Phillips,TB,OF,27,71,159,27,32,7,1,4,19,11,3,24,73,2,1,1,.201,.308,.333,.641
Mauricio Dubon,SF,2B,26,66,158,18,37,7,0,5,20,2,1,8,38,0,2,1,.234,.272,.373,.645
Colin Moran,PIT,1B,28,49,157,11,44,9,0,4,23,1,0,14,46,0,1,2,.280,.345,.414,.759
Brad Miller,PHI,3B,31,71,156,27,39,4,1,9,25,3,0,21,60,0,0,0,.250,.339,.462,.801
Taylor Trammell,SEA,OF,23,51,156,23,25,7,0,8,18,2,3,17,75,2,0,3,.160,.256,.359,.615
Brock Holt,TEX,3B,33,49,155,15,33,9,0,2,15,2,1,17,28,0,0,1,.213,.295,.310,.605
Miguel Andujar,NYY,OF,26,45,154,19,39,2,0,6,12,0,1,7,28,0,1,0,.253,.284,.383,.667
Ryan Zimmerman,WAS,1B,36,61,153,16,37,7,0,9,24,0,0,6,42,0,0,0,.242,.270,.464,.734
Eli White,TEX,OF,27,49,152,23,30,4,1,4,12,3,2,11,49,0,0,3,.197,.265,.316,.581
Dom Nunez,COL,C,26,52,152,21,26,9,2,5,21,0,0,22,64,0,1,0,.171,.274,.355,.629
Hanser Alberto,KC,2B,28,65,151,16,40,12,2,1,11,1,1,2,17,2,1,2,.265,.282,.391,.673
Didi Gregorius,PHI,SS,31,41,151,16,34,6,0,7,26,3,0,8,33,0,3,3,.225,.273,.404,.677
Carson Kelly,ARI,C,27,50,150,22,39,6,0,8,26,0,0,28,38,0,4,5,.260,.385,.460,.845
Luis Torrens,SEA,C,25,47,149,19,33,6,1,9,20,0,0,14,40,0,1,1,.221,.291,.456,.747
Christian Arroyo,BOS,3B,26,47,148,20,39,11,0,5,22,1,0,7,40,1,0,6,.264,.323,.439,.762
Jorge Alfaro,MIA,C,28,46,148,10,32,4,0,3,10,4,0,7,52,0,0,4,.216,.270,.304,.574
Pat Valaika,BAL,2B,28,58,148,9,29,5,0,1,13,1,1,12,44,1,1,1,.196,.259,.250,.509
Edmundo Sosa,STL,2B,25,59,148,19,37,4,1,2,8,3,4,7,28,1,0,10,.250,.327,.331,.658
Stephen Piscotty,OAK,OF,30,56,147,13,30,7,0,5,13,1,0,12,40,0,0,1,.204,.269,.354,.623
Corey Seager,LAD,SS,27,37,147,20,39,7,2,4,22,1,0,19,29,0,0,3,.265,.361,.422,.783
Ben Gamel,PIT,OF,29,52,146,19,37,9,1,6,14,0,2,17,40,1,2,0,.253,.327,.452,.779
David Bote,CHC,2B,28,49,144,16,29,5,0,5,23,0,1,13,36,1,1,3,.201,.280,.340,.620
Mike Brosseau,TB,2B,27,55,143,20,26,8,0,4,17,2,0,15,53,0,2,2,.182,.265,.322,.587
William Contreras,ATL,C,23,44,142,16,29,3,1,7,21,0,0,13,50,0,1,2,.204,.278,.387,.665
Matt Beaty,LAD,1B,28,74,141,24,37,3,1,4,29,1,1,11,29,0,0,8,.262,.350,.383,.733
Chas McCormick,HOU,OF,26,56,140,29,35,7,0,10,35,2,1,13,49,0,6,3,.250,.315,.514,.829
Mike Tauchman,SF,OF,30,52,139,18,25,4,0,4,15,1,3,21,46,0,0,1,.180,.292,.295,.587
Rowdy Tellez,TOR,1B,26,50,139,12,29,4,1,4,8,0,0,9,33,0,0,3,.209,.272,.338,.610
Matt Carpenter,STL,3B,35,77,137,13,27,7,1,3,20,1,0,21,49,0,1,5,.197,.323,.328,.651
Francisco Mejia,TB,C,25,46,137,13,34,9,0,3,14,0,0,8,27,1,1,6,.248,.316,.380,.696
Tyrone Taylor,MIL,OF,27,57,136,16,31,4,1,7,24,5,1,11,37,0,1,7,.228,.316,.426,.742
Ketel Marte,ARI,2B,27,37,135,24,50,13,0,4,21,1,0,12,21,0,1,0,.370,.419,.556,.975
Kelvin Gutierrez,KC,3B,26,38,135,9,29,4,2,1,8,0,1,6,31,0,0,1,.215,.254,.296,.550
Brendan Rodgers,COL,2B,24,41,134,12,35,6,1,5,20,0,0,11,28,0,1,4,.261,.333,.433,.766
Chad Pinder,OAK,2B,29,46,134,16,29,10,0,3,13,0,0,8,40,0,1,2,.216,.269,.358,.627
Austin Hedges,CLE,C,28,44,134,11,20,1,0,4,13,0,0,8,50,3,1,1,.149,.201,.246,.447
Josh Reddick,ARI,OF,34,43,133,12,36,11,0,1,17,0,0,6,27,0,1,0,.271,.300,.376,.676
Stephen Vogt,ARI,C,36,52,132,17,28,6,1,5,17,0,0,18,36,1,0,0,.212,.307,.386,.693
Willy Adames,TB,SS,25,41,132,16,26,6,1,5,15,1,2,10,51,0,0,0,.197,.254,.371,.625
Sandy Leon,MIA,C,32,47,131,8,23,3,0,2,8,0,0,6,38,0,2,2,.176,.220,.244,.464
Jonah Heim,TEX,C,26,45,131,13,30,9,0,4,15,2,1,9,25,1,1,0,.229,.277,.389,.666
Kyle Lewis,SEA,OF,26,36,130,15,32,4,0,5,11,2,0,16,37,0,0,1,.246,.333,.392,.725
Ke'Bryan Hayes,PIT,3B,24,37,130,19,34,9,1,4,18,2,1,18,29,0,1,0,.262,.349,.438,.787
Zach McKinstry,LAD,2B,26,47,129,19,32,7,0,7,29,1,1,10,38,1,2,1,.248,.303,.465,.768
Kurt Suzuki,LAA,C,37,43,128,10,28,4,0,2,7,0,0,8,29,2,1,7,.219,.299,.297,.596
Jose Rojas,LAA,3B,28,46,128,19,27,13,0,4,10,2,0,8,37,0,0,1,.211,.263,.406,.669
Ronald Torreyes,PHI,SS,28,43,127,13,35,7,0,3,20,1,1,5,18,1,0,1,.276,.308,.402,.710
Zack Collins,CWS,DH,26,47,126,17,29,10,0,3,21,1,1,18,47,1,0,1,.230,.331,.381,.712
Ehire Adrianza,ATL,SS,31,66,125,21,32,6,2,4,23,0,0,16,26,1,3,1,.256,.338,.432,.770
Austin Barnes,LAD,C,31,47,125,16,26,6,0,3,15,0,0,18,38,1,0,4,.208,.327,.328,.655
Jose Peraza,NYM,2B,27,50,124,19,26,7,0,6,19,0,0,7,23,0,0,3,.210,.269,.411,.680
Brian Anderson,MIA,3B,28,36,124,13,31,6,0,3,11,3,0,12,36,0,0,0,.250,.316,.371,.687
Willians Astudillo,MIN,C,29,41,122,10,31,4,0,4,12,0,0,2,10,0,1,2,.254,.276,.385,.661
Phil Gosselin,LAA,OF,32,44,120,10,37,6,0,3,19,0,1,9,35,0,1,1,.308,.359,.433,.792
Wilson Ramos,DET,C,33,35,120,12,24,5,0,6,13,0,0,6,29,0,0,0,.200,.238,.392,.630
Justin Williams,STL,OF,25,51,119,10,19,0,0,4,11,0,1,17,46,0,0,1,.160,.270,.261,.531
Cody Bellinger,LAD,1B,26,34,119,20,21,1,1,4,17,2,0,20,39,0,2,0,.176,.291,.303,.594
Ryan O'Hearn,KC,1B,27,37,119,13,26,2,0,6,13,0,0,6,37,0,0,0,.218,.256,.387,.643
Danny Jansen,TOR,C,26,47,119,15,20,4,0,4,9,0,0,12,35,1,0,2,.168,.256,.303,.559
Tim Locastro,ARI,OF,29,55,118,11,21,2,0,1,5,5,3,6,26,0,0,9,.178,.271,.220,.491
LaMonte Wade,SF,OF,27,39,117,18,29,4,1,7,17,2,0,14,26,1,1,3,.248,.341,.479,.820
Mike Trout,LAA,OF,29,36,117,23,39,8,1,8,18,2,0,27,41,0,0,2,.333,.466,.624,1.090
Mitch Garver,MIN,C,30,41,116,17,26,8,0,8,17,0,0,19,45,0,0,0,.224,.333,.500,.833
Darin Ruf,SF,OF,34,59,116,26,31,7,0,9,22,1,0,24,39,0,1,2,.267,.399,.560,.959
Ryan Jeffers,MIN,C,24,36,116,12,22,3,1,6,16,0,0,16,45,0,0,0,.190,.288,.388,.676
Patrick Wisdom,CHC,1B,29,43,115,21,31,4,0,12,23,2,1,8,48,0,0,1,.270,.323,.617,.940
Aledmys Diaz,HOU,2B,30,34,115,14,32,9,0,3,18,0,1,5,19,0,0,6,.278,.341,.435,.776
Max Stassi,LAA,C,30,38,115,25,34,5,0,6,16,0,0,12,38,0,0,3,.296,.377,.496,.873
Joe Panik,TOR,2B,30,42,114,9,28,6,0,2,11,0,0,8,14,0,1,0,.246,.293,.351,.644
Michael Perez,PIT,C,28,40,114,10,16,4,0,6,13,0,0,9,36,0,0,2,.140,.216,.333,.549
Jake Fraley,SEA,OF,26,40,114,18,27,2,0,7,23,7,1,33,38,0,1,1,.237,.409,.439,.848
Nick Maton,PHI,SS,24,45,113,15,30,7,1,2,13,2,0,9,38,0,1,2,.265,.328,.398,.726
Danny Mendick,CWS,2B,27,50,113,12,23,3,0,2,17,0,1,15,33,1,1,2,.204,.305,.283,.588
Santiago Espinal,TOR,SS,26,50,112,16,36,6,1,1,10,2,1,8,19,0,0,0,.321,.367,.420,.787
Josh VanMeter,ARI,2B,26,54,112,12,21,6,1,2,13,0,0,17,40,0,1,1,.188,.298,.313,.611
Ji-Man Choi,TB,1B,30,37,111,15,28,6,0,3,19,0,0,21,37,0,0,2,.252,.381,.387,.768
Nick Senzel,CIN,OF,26,36,111,18,28,4,0,1,8,2,5,12,16,0,1,0,.252,.323,.315,.638
Magneuris Sierra,MIA,OF,25,70,111,16,27,3,0,0,0,5,0,10,24,0,0,0,.243,.306,.270,.576
Jace Peterson,MIL,OF,31,43,110,22,28,6,1,4,20,5,0,24,29,0,1,0,.255,.385,.436,.821
Curt Casali,SF,C,32,42,109,13,24,6,1,4,18,0,0,17,36,0,0,2,.220,.336,.404,.740
Albert Pujols,LAD,1B,41,39,109,12,30,2,0,8,23,0,0,5,16,0,1,1,.275,.310,.514,.824
Yu Chang,CLE,3B,25,49,108,12,19,6,0,2,14,1,0,5,30,0,1,0,.176,.211,.287,.498
Reese McGuire,TOR,C,26,41,108,14,30,8,0,1,6,0,0,6,24,1,0,1,.278,.322,.380,.702
Aaron Hicks,NYY,OF,31,32,108,13,21,3,0,4,14,0,0,14,30,0,2,2,.194,.294,.333,.627
Luke Voit,NYY,1B,30,29,108,13,26,3,1,3,11,0,0,11,36,0,0,3,.241,.328,.370,.698
Harrison Bader,STL,OF,27,31,107,12,25,4,0,6,16,5,2,11,19,0,1,1,.234,.308,.439,.747
Jake Rogers,DET,C,26,35,107,16,25,3,3,6,17,1,0,11,45,3,0,0,.234,.305,.486,.791
Jake Marisnick,CHC,OF,30,54,105,16,25,4,3,5,19,3,1,8,37,0,1,2,.238,.302,.476,.778
Brandon Nimmo,NYM,OF,28,32,104,16,33,9,0,1,13,2,2,15,35,1,0,1,.317,.408,.433,.841
Bobby Bradley,CLE,1B,25,31,104,23,25,5,0,10,20,0,0,13,36,0,0,2,.240,.336,.577,.913
Isan Diaz,MIA,2B,25,36,103,6,15,2,0,2,10,0,0,20,37,0,2,1,.146,.286,.223,.509
Byron Buxton,MIN,OF,27,27,103,21,38,11,0,10,19,5,0,4,25,0,0,3,.369,.409,.767,1.176
Wilmer Difo,PIT,SS,29,54,103,9,28,5,2,1,8,0,0,10,29,0,0,0,.272,.336,.388,.724
Lorenzo Cain,MIL,OF,35,31,103,17,23,4,0,3,9,4,1,14,24,0,0,1,.223,.322,.350,.672
Ramon Urias,BAL,2B,27,37,102,14,29,5,0,4,14,0,1,9,26,0,0,2,.284,.354,.451,.805
Jake Bauers,CLE,1B,25,43,100,7,19,3,0,2,6,0,1,12,27,0,0,0,.190,.277,.280,.557
JaCoby Jones,DET,OF,29,36,100,9,17,2,0,2,9,2,2,5,42,0,0,0,.170,.210,.250,.460
Kyle Garlick,MIN,OF,29,36,99,17,23,8,0,5,10,1,0,6,32,0,1,1,.232,.280,.465,.745
Taylor Walls,TB,SS,25,33,98,10,23,9,0,1,12,3,2,15,32,1,0,0,.235,.336,.357,.693
Andrew Knapp,PHI,C,29,43,98,9,17,2,0,2,11,0,0,9,37,1,1,0,.173,.241,.255,.496
Jordan Luplow,CLE,OF,27,36,98,12,17,5,0,7,20,0,2,21,31,0,0,2,.173,.331,.439,.770
Abraham Almonte,ATL,OF,32,37,97,14,22,10,0,2,13,0,1,23,23,0,1,0,.227,.372,.392,.764
Evan White,SEA,1B,25,30,97,8,14,3,0,2,9,0,0,6,31,0,0,1,.144,.202,.237,.439
Kyle Higashioka,NYY,C,31,37,97,12,19,5,0,6,12,0,0,11,31,0,0,0,.196,.278,.433,.711
Nico Hoerner,CHC,2B,24,27,97,10,32,8,0,0,10,3,1,10,14,0,1,0,.330,.389,.412,.801
Andrew Stevenson,WAS,OF,27,54,97,14,22,2,0,2,10,0,1,6,32,2,1,2,.227,.283,.309,.592
Bradley Zimmer,CLE,OF,28,37,96,13,21,1,1,0,11,5,1,15,43,0,0,8,.219,.370,.250,.620
Jake Bauers,SEA,1B,25,26,96,10,23,2,0,1,7,1,0,6,25,0,0,0,.240,.284,.292,.576
Danny Santana,BOS,1B,30,31,96,10,16,1,1,3,10,3,1,7,25,0,0,1,.167,.231,.292,.523
Franchy Cordero,BOS,OF,26,34,95,9,17,6,0,1,9,1,0,6,37,1,0,0,.179,.228,.274,.502
Luis Robert,CWS,OF,23,25,95,11,30,9,1,1,8,4,1,7,28,0,1,0,.316,.359,.463,.822
Ka'ai Tom,PIT,OF,27,39,92,9,14,2,1,2,11,1,0,17,30,0,3,5,.152,.308,.261,.569
Billy McKinney,MIL,OF,26,40,92,9,19,3,1,3,6,1,0,7,24,0,1,0,.207,.260,.359,.619
Billy McKinney,NYM,OF,26,39,91,15,20,6,1,5,14,1,0,11,31,0,0,0,.220,.304,.473,.777
Manny Pina,MIL,C,34,41,91,10,12,2,0,5,10,0,0,14,19,0,1,2,.132,.259,.319,.578
Tomas Nido,NYM,C,27,36,91,12,23,2,1,3,12,0,0,4,25,0,0,3,.253,.306,.396,.702
Andrew Knizner,STL,C,26,36,90,11,16,4,0,0,2,0,0,9,21,0,0,2,.178,.267,.222,.489
Matt Duffy,CHC,3B,30,38,90,16,25,4,0,1,12,3,0,11,18,0,1,4,.278,.377,.356,.733
Brian Goodwin,CWS,OF,30,25,90,17,24,8,1,4,15,0,0,12,22,1,0,0,.267,.353,.511,.864
Rio Ruiz,BAL,3B,27,32,90,10,15,3,0,3,6,2,0,9,29,1,0,1,.167,.250,.300,.550
Billy Hamilton,CWS,OF,30,47,87,16,20,6,2,2,10,6,0,3,30,2,1,0,.230,.253,.414,.667
Mike Moustakas,CIN,2B,32,28,87,15,21,5,0,4,13,0,0,12,18,0,3,2,.241,.337,.437,.774
Shogo Akiyama,CIN,OF,33,46,86,9,19,4,0,0,7,2,1,6,19,0,0,2,.221,.287,.267,.554
Sam Haggerty,SEA,OF,27,35,86,15,16,3,0,2,5,5,1,6,28,1,0,1,.186,.247,.291,.538
Albert Pujols,LAA,1B,41,24,86,9,17,0,0,5,12,1,0,3,13,0,0,3,.198,.250,.372,.622
Shed Long,SEA,2B,25,25,85,12,16,4,1,4,16,0,0,5,25,1,0,0,.188,.233,.400,.633
Jake Lamb,CWS,3B,30,31,85,16,19,2,0,5,10,0,0,13,28,0,0,1,.224,.333,.424,.757
Jake Cave,MIN,OF,28,31,84,8,14,5,0,1,2,1,0,6,35,1,0,2,.167,.239,.262,.501
Daulton Varsho,ARI,C,25,35,84,9,12,3,0,1,7,1,0,12,24,0,0,0,.143,.250,.214,.464
Abraham Toro,HOU,3B,24,27,83,13,19,1,0,3,16,3,1,8,15,0,1,1,.229,.301,.349,.650
Robel Garcia,HOU,2B,28,36,83,6,13,3,0,1,8,0,0,6,35,1,1,1,.157,.220,.229,.449
Jarred Kelenic,SEA,OF,21,23,83,7,8,2,0,2,6,3,0,8,26,0,0,1,.096,.185,.193,.378
Victor Reyes,DET,OF,26,27,83,9,13,4,1,1,4,2,0,3,25,0,0,0,.157,.186,.265,.451
Jesus Sanchez,MIA,OF,23,23,83,6,22,3,1,3,9,0,0,5,24,0,0,1,.265,.315,.434,.749
Aramis Garcia,OAK,C,28,30,83,7,17,1,0,2,6,0,0,1,27,2,0,2,.205,.233,.289,.522
Travis d'Arnaud,ATL,C,32,23,82,5,18,4,0,2,11,0,0,4,20,0,1,0,.220,.253,.341,.594
Jorge Mateo,SD,OF,26,52,82,8,16,4,0,1,5,3,0,2,26,1,0,3,.195,.241,.280,.521
Luis Guillorme,NYM,2B,26,42,82,7,23,1,0,0,1,0,2,18,15,1,0,0,.280,.410,.293,.703
Jason Castro,HOU,C,34,35,82,13,19,5,0,2,9,0,0,18,27,2,0,2,.232,.382,.366,.748
Jarrod Dyson,KC,OF,36,52,82,9,20,5,2,0,7,6,1,5,20,2,0,0,.244,.287,.354,.641
Sergio Alcantara,CHC,SS,25,35,81,10,14,3,3,2,4,1,0,9,28,1,1,1,.173,.261,.358,.619
Roberto Perez,CLE,C,32,24,80,9,13,2,0,5,14,1,0,11,30,1,0,1,.163,.272,.375,.647
Ender Inciarte,ATL,OF,30,52,79,11,17,2,0,2,10,1,0,7,22,2,1,0,.215,.276,.316,.592
Jose Marmolejos,SEA,OF,28,31,79,8,11,2,0,3,9,0,0,14,32,0,1,0,.139,.266,.278,.544
Yadiel Hernandez,WAS,OF,33,50,79,9,19,1,0,2,4,2,0,6,24,0,1,1,.241,.299,.329,.628
Yoshi Tsutsugo,TB,3B,29,26,78,5,13,4,0,0,5,0,0,8,27,1,0,0,.167,.244,.218,.462
Andres Gimenez,CLE,SS,22,29,78,10,14,4,0,2,5,4,0,3,25,1,1,2,.179,.226,.308,.534
Luis Rengifo,LAA,2B,24,23,76,9,12,1,0,2,6,0,0,3,17,1,0,1,.158,.200,.250,.450
Andy Ibanez,TEX,2B,28,24,74,4,14,3,0,1,6,0,0,3,11,0,1,0,.189,.218,.270,.488
Jordy Mercer,WAS,SS,34,32,74,8,20,4,0,1,1,0,0,3,20,0,0,0,.270,.299,.365,.664
Daniel Robertson,MIL,2B,27,50,73,10,12,2,0,2,4,0,0,12,28,1,1,3,.164,.303,.274,.577
George Springer,TOR,OF,31,20,72,10,14,1,0,5,11,1,0,12,23,0,0,0,.194,.310,.417,.727
Stevie Wilkerson,BAL,OF,29,31,72,5,12,3,0,0,2,2,0,3,30,0,0,1,.167,.211,.208,.419
Jonathan Davis,TOR,OF,29,48,70,16,10,1,0,1,4,4,1,11,21,0,1,3,.143,.282,.200,.482
Alex Blandino,CIN,2B,28,43,70,9,14,4,0,0,5,1,0,8,28,0,0,4,.200,.317,.257,.574
Lewis Brinson,MIA,OF,27,28,68,3,15,3,0,2,5,0,0,1,21,0,0,0,.221,.232,.353,.585
Tommy La Stella,SF,2B,32,25,68,8,16,3,1,1,5,0,0,6,10,0,0,0,.235,.297,.353,.650
Ben Rortvedt,MIN,C,23,28,68,5,9,1,0,2,5,0,0,5,22,2,0,1,.132,.203,.235,.438
Alex Avila,WAS,C,34,24,66,4,11,6,1,0,6,0,0,17,30,1,0,1,.167,.345,.288,.633
Pablo Sandoval,ATL,1B,34,60,65,10,13,0,0,4,11,0,0,10,22,0,0,2,.200,.325,.385,.710
Ryan McKenna,BAL,OF,24,43,65,11,12,1,1,0,4,1,0,11,25,0,0,0,.185,.303,.231,.534
Nick Gordon,MIN,SS,25,24,65,6,17,2,1,1,4,5,0,3,19,0,0,1,.262,.304,.369,.673
Chance Sisco,BAL,C,26,23,65,4,10,2,0,0,3,0,0,6,18,0,0,2,.154,.247,.185,.432
Kevin Plawecki,BOS,C,30,27,64,7,16,3,0,1,3,0,0,5,12,1,0,1,.250,.314,.344,.658
Rafael Ortega,CHC,OF,30,33,64,6,15,2,0,2,5,2,2,4,17,1,0,1,.234,.290,.359,.649
Cristian Pache,ATL,OF,22,22,63,6,7,3,0,1,4,0,0,2,25,2,0,1,.111,.152,.206,.358
Donovan Walton,SEA,SS,27,22,63,6,13,2,1,2,7,1,0,4,15,2,0,0,.206,.254,.365,.619
Wander Franco,TB,SS,20,15,61,8,12,2,0,2,7,2,0,5,15,0,0,0,.197,.258,.328,.586
Mike Ford,NYY,1B,29,22,60,6,8,0,0,3,5,0,0,11,23,0,0,1,.133,.278,.283,.561
Will Craig,PIT,1B,26,18,60,5,13,2,0,1,3,0,0,5,22,0,0,0,.217,.277,.300,.577
Chad Wallach,MIA,C,29,22,59,2,12,2,1,0,6,0,0,3,31,0,2,1,.203,.246,.271,.517
Michael Chavis,BOS,2B,25,21,59,11,12,4,0,1,4,1,1,1,23,0,1,1,.203,.226,.322,.548
Sheldon Neuse,LAD,2B,26,28,58,6,10,1,0,3,4,0,1,1,22,0,0,0,.172,.186,.345,.531
Luke Williams,PHI,3B,24,27,58,5,16,4,0,1,4,1,1,4,12,0,0,0,.276,.323,.397,.720
Kevan Smith,ATL,C,33,19,58,4,11,2,0,0,3,0,0,7,21,0,0,0,.190,.277,.224,.501
Daz Cameron,DET,OF,24,18,58,10,12,2,0,3,9,4,0,5,19,0,0,0,.207,.270,.397,.667
Jason Vosler,SF,3B,27,31,57,11,12,4,0,3,8,2,0,6,12,0,0,1,.211,.297,.439,.736
Taylor Jones,HOU,1B,27,21,57,4,10,3,0,0,5,0,0,4,17,0,1,0,.175,.226,.228,.454
Rob Refsnyder,MIN,OF,30,18,56,10,18,4,0,2,10,0,0,5,15,0,1,0,.321,.371,.500,.871
Rene Rivera,CLE,C,37,21,55,6,13,3,0,2,9,0,0,4,24,3,0,1,.236,.300,.400,.700
Connor Joe,COL,OF,28,26,54,4,13,2,0,0,6,0,0,9,13,0,0,0,.241,.349,.278,.627
Tyler Wade,NYY,2B,26,53,53,15,12,1,1,0,2,4,2,4,15,0,0,0,.226,.281,.283,.564
Pablo Reyes,MIL,OF,27,34,52,8,11,2,0,0,1,2,0,3,12,0,0,0,.212,.255,.250,.505
Kole Calhoun,ARI,OF,33,15,52,6,14,3,0,2,5,1,0,3,14,0,0,0,.269,.309,.442,.751
Roman Quinn,PHI,OF,28,28,52,8,9,2,2,0,2,4,3,6,19,0,0,4,.173,.306,.288,.594
Cam Gallagher,KC,C,28,22,51,3,10,2,0,0,1,0,0,3,11,1,1,0,.196,.236,.235,.471
Khris Davis,TEX,DH,33,22,51,8,8,1,1,2,5,0,0,8,16,0,2,0,.157,.262,.333,.595
Zack Short,DET,SS,26,19,51,10,11,2,0,3,10,1,0,15,26,0,3,0,.216,.377,.431,.808
Edwin Rios,LAD,3B,27,25,51,4,4,0,0,1,1,0,0,7,18,0,0,2,.078,.217,.137,.354
Luke Raley,LAD,OF,26,27,50,3,9,1,0,1,2,0,0,2,20,0,0,4,.180,.268,.260,.528
Webster Rivas,SD,C,30,17,50,3,10,2,0,2,4,0,0,7,10,1,0,0,.200,.298,.360,.658
Matt Joyce,PHI,OF,36,36,50,5,5,1,0,2,6,0,0,10,14,0,1,1,.100,.258,.240,.498
Austin Wynns,BAL,C,30,15,49,6,9,1,0,2,7,0,0,2,15,0,0,0,.184,.216,.327,.543
Lane Thomas,STL,OF,25,32,48,2,5,1,0,0,1,2,1,10,17,0,0,0,.104,.259,.125,.384
Gilberto Celestino,MIN,OF,22,17,48,6,7,2,0,2,2,0,0,2,9,0,0,0,.146,.180,.313,.493
Owen Miller,CLE,2B,24,18,47,2,5,1,0,0,1,0,0,3,24,0,0,0,.106,.160,.128,.288
Leody Taveras,TEX,OF,22,15,46,2,4,0,0,0,1,2,0,3,23,0,0,1,.087,.160,.087,.247
Skye Bolt,OAK,OF,27,23,46,2,5,1,0,1,3,1,0,0,10,2,0,0,.109,.109,.196,.305
Austin Nola,SD,C,31,18,46,4,10,2,0,1,11,0,0,8,3,0,1,4,.217,.373,.326,.699
Aristides Aquino,CIN,OF,27,24,44,6,10,2,1,4,7,1,2,8,18,0,0,0,.227,.346,.591,.937
Tucupita Marcano,SD,2B,21,25,44,7,8,1,0,0,3,0,1,6,9,0,0,0,.182,.280,.205,.485
Brandon Drury,NYM,3B,28,24,44,2,8,0,0,2,6,0,0,2,13,0,0,0,.182,.217,.318,.535
Andrew Young,ARI,2B,27,34,43,10,10,3,0,5,10,0,0,4,24,0,0,4,.233,.353,.651,1.004
Jason Martin,TEX,OF,25,23,43,2,7,0,0,1,4,2,1,5,17,0,0,0,.163,.250,.233,.483
Mike Freeman,CIN,2B,33,24,42,4,9,0,0,0,3,1,1,5,12,0,0,1,.214,.313,.214,.527
Adam Engel,CWS,OF,29,13,42,10,12,2,0,5,11,2,0,1,7,0,1,3,.286,.340,.690,1.030
Wyatt Mathisen,ARI,3B,27,23,42,3,5,0,0,1,8,0,0,5,21,0,1,3,.119,.255,.190,.445
J.D. Davis,NYM,3B,28,14,41,5,16,3,0,2,7,0,0,4,15,0,0,3,.390,.479,.610,1.089
Dustin Fowler,PIT,OF,26,18,41,3,7,1,0,0,2,1,0,3,20,0,1,1,.171,.239,.195,.434
Alan Trejo,COL,SS,25,26,41,7,10,2,0,1,3,0,0,3,12,0,1,0,.244,.289,.366,.655
Jose Devers,MIA,SS,21,21,41,7,10,3,0,0,5,0,0,3,11,0,1,1,.244,.304,.317,.621
Alejandro Kirk,TOR,C,22,17,40,7,9,1,0,3,8,0,0,5,6,0,0,1,.225,.326,.475,.801
Gavin Sheets,CWS,OF,25,12,40,5,9,3,0,3,9,0,0,6,10,0,1,0,.225,.319,.525,.844
Albert Almora,NYM,OF,27,32,40,1,3,2,0,0,0,0,0,1,15,0,0,0,.075,.098,.125,.223
Domingo Leyba,BAL,2B,25,12,39,5,9,0,0,1,3,0,0,5,11,0,0,0,.231,.318,.308,.626
Kean Wong,LAA,2B,26,18,39,2,7,2,1,0,5,0,1,1,10,3,0,0,.179,.200,.282,.482
Ernie Clement,CLE,SS,25,15,39,7,8,1,0,0,1,0,0,2,6,1,0,1,.205,.262,.231,.493
Alcides Escobar,WAS,SS,34,9,39,5,11,3,1,0,5,0,0,1,7,2,0,1,.282,.317,.410,.727
Brian O'Grady,SD,OF,29,21,38,6,6,3,0,1,5,0,0,6,13,1,1,0,.158,.267,.316,.583
Grayson Greiner,DET,C,28,14,38,1,9,1,0,1,5,0,0,1,16,0,0,0,.237,.256,.342,.598
Travis Jankowski,PHI,OF,30,29,37,10,11,2,0,1,3,3,0,9,7,2,0,0,.297,.435,.432,.867
Jose Godoy,SEA,C,26,16,37,2,6,1,0,0,3,0,0,3,14,0,0,0,.162,.225,.189,.414
Sam Hilliard,COL,OF,27,20,37,6,4,0,1,2,4,0,0,2,19,0,0,0,.108,.154,.324,.478
Adalberto Mondesi,KC,SS,25,10,36,6,13,5,0,4,9,1,1,1,11,1,0,0,.361,.378,.833,1.211
Jose Rondon,STL,2B,27,25,36,4,7,0,0,0,2,1,0,4,7,0,1,0,.194,.268,.194,.462
Chris Owings,COL,2B,29,19,36,8,11,4,3,1,4,2,1,6,14,0,0,0,.306,.405,.667,1.072
Gerardo Parra,WAS,OF,34,18,36,4,7,3,0,1,3,0,0,3,11,0,0,0,.194,.256,.361,.617
Nick Heath,ARI,OF,27,20,35,3,5,1,0,0,1,0,2,4,15,0,0,0,.143,.231,.171,.402
Todd Frazier,PIT,3B,35,13,35,3,3,1,0,0,4,0,0,3,6,0,0,2,.086,.200,.114,.314
Scott Schebler,LAA,OF,30,14,34,3,5,3,0,0,0,0,0,0,17,0,0,0,.147,.147,.235,.382
Luis Campusano,SD,C,22,11,34,0,3,0,0,0,1,0,0,4,11,0,0,0,.088,.184,.088,.272
Jack Mayfield,SEA,SS,30,12,34,2,6,1,0,0,3,0,0,1,10,0,0,0,.176,.200,.206,.406
Kyle Isbel,KC,OF,24,12,34,5,9,0,1,0,3,1,0,2,15,0,0,0,.265,.306,.324,.630
Jay Bruce,NYY,OF,34,10,34,3,4,1,0,1,3,0,0,5,13,0,0,0,.118,.231,.235,.466
Edward Olivares,KC,OF,25,11,33,4,8,0,0,1,2,1,0,0,9,0,0,1,.242,.265,.333,.598
Mason Williams,NYM,OF,29,17,33,3,7,1,0,1,1,0,1,4,9,0,0,0,.212,.297,.333,.630
Matt Adams,COL,DH,32,19,33,3,5,1,0,0,1,0,0,4,8,0,0,0,.152,.243,.182,.425
Oscar Mercado,CLE,OF,26,12,32,5,9,2,1,1,4,2,0,3,9,0,0,0,.281,.343,.500,.843
Drew Butera,LAA,C,37,12,32,1,3,1,0,0,5,0,0,0,16,3,1,0,.094,.091,.125,.216
Scott Heineman,CIN,OF,28,19,30,5,3,0,0,2,3,0,0,3,15,0,0,1,.100,.206,.300,.506
Max Schrock,CIN,2B,26,12,30,3,8,3,1,1,3,0,0,1,8,0,0,0,.267,.290,.533,.823
Brent Rooker,MIN,OF,26,8,29,1,3,1,0,1,2,0,0,1,13,0,0,0,.103,.133,.241,.374
Isaac Paredes,DET,3B,22,11,29,3,5,0,1,1,4,0,0,6,5,0,2,0,.172,.297,.345,.642
Riley Adams,TOR,C,25,12,28,2,3,2,0,0,0,0,0,2,12,0,0,0,.107,.167,.179,.346
John Nogowski,PIT,1B,28,7,28,4,14,2,0,0,5,0,0,3,5,0,0,0,.500,.548,.571,1.119
Josh Palacios,TOR,OF,25,10,28,7,7,0,0,0,4,0,0,3,7,1,1,2,.250,.353,.250,.603
Cameron Maybin,NYM,OF,34,9,28,2,1,0,0,0,0,1,0,3,12,0,0,2,.036,.182,.036,.218
Austin Dean,STL,OF,27,18,27,4,6,2,0,1,7,0,0,5,9,0,2,0,.222,.324,.407,.731
Anthony Bemboom,LAA,C,31,8,27,2,6,0,0,0,2,0,0,1,10,0,0,0,.222,.250,.222,.472
Jared Oliva,PIT,OF,25,11,27,2,4,2,0,0,1,2,0,3,8,0,0,0,.148,.233,.222,.455
Renato Nunez,DET,1B,27,7,27,5,4,2,0,2,3,0,0,1,8,0,0,1,.148,.207,.444,.651
Jacob Nottingham,SEA,C,26,10,26,3,3,0,0,1,2,0,0,2,12,0,1,2,.115,.226,.231,.457
DJ Peters,LAD,OF,25,18,26,5,5,2,0,1,4,0,0,8,14,0,0,0,.192,.382,.385,.767
Lars Nootbaar,STL,OF,23,10,26,2,4,0,1,0,3,0,0,2,4,0,1,0,.154,.207,.231,.438
Mickey Moniak,PHI,OF,23,11,25,3,3,0,0,1,3,0,0,3,12,0,0,0,.120,.214,.240,.454
Yoshi Tsutsugo,LAD,3B,29,12,25,2,3,0,0,0,2,0,0,6,12,0,0,0,.120,.290,.120,.410
Thairo Estrada,SF,2B,25,12,25,3,9,1,0,1,8,0,0,3,4,0,0,0,.360,.429,.520,.949
Steven Souza,LAD,OF,32,13,25,2,4,0,1,1,2,0,0,2,10,0,0,1,.160,.250,.360,.610
Tony Wolters,CHC,C,29,14,24,3,3,0,0,0,0,0,1,5,12,1,0,0,.125,.276,.125,.401
Orlando Arcia,ATL,SS,26,7,24,3,8,1,0,1,6,1,0,1,5,0,0,0,.333,.360,.500,.860
Anthony Alford,PIT,OF,26,11,24,2,2,0,0,0,0,1,1,4,16,0,0,1,.083,.241,.083,.324
Alex Jackson,ATL,C,25,10,23,2,1,0,0,0,0,0,0,2,13,0,0,3,.043,.214,.043,.257
Joe Panik,MIA,2B,30,9,23,3,4,0,0,1,2,2,0,4,7,0,0,0,.174,.296,.304,.600
John Hicks,TEX,C,31,7,23,6,7,0,0,4,6,0,0,0,6,0,0,0,.304,.304,.826,1.130
P.J. Higgins,CHC,C,28,9,23,1,1,0,0,0,0,0,0,2,8,0,0,0,.043,.120,.043,.163
Mark Payton,CIN,OF,29,24,22,2,4,0,0,0,0,0,0,2,7,0,0,0,.182,.250,.182,.432
Patrick Mazeika,NYM,C,27,16,22,1,6,0,0,1,4,0,0,1,3,0,0,1,.273,.333,.409,.742
Domingo Leyba,ARI,2B,25,13,22,0,0,0,0,0,0,0,0,2,7,0,0,0,.000,.083,.000,.083
Cole Tucker,PIT,OF,25,13,21,1,3,1,0,0,1,0,1,1,5,0,0,0,.143,.182,.190,.372
Ildemaro Vargas,CHC,2B,29,9,21,3,3,2,0,0,2,1,0,3,7,0,0,0,.143,.250,.238,.488
Adam Haseley,PHI,OF,25,9,21,2,4,1,0,0,0,0,0,0,4,0,0,0,.190,.190,.238,.428
Jake Burger,CWS,3B,25,8,21,3,8,2,1,0,1,0,0,2,6,0,0,0,.381,.435,.571,1.006
Vimael Machin,OAK,3B,27,10,21,1,1,0,0,0,1,0,0,2,7,0,0,0,.048,.130,.048,.178
Johneshwy Fargas,NYM,OF,26,7,21,1,6,3,1,0,3,0,0,0,7,1,0,0,.286,.286,.524,.810
Chris Gittens,NYY,1B,27,10,21,1,2,0,0,1,4,0,0,3,9,0,1,0,.095,.200,.238,.438
Garrett Stubbs,HOU,C,28,8,21,1,4,1,0,0,2,0,0,1,4,2,0,0,.190,.227,.238,.465
Frank Schwindel,OAK,1B,29,8,20,2,3,1,0,1,3,0,0,0,5,0,0,0,.150,.150,.350,.500
Dexter Fowler,LAA,OF,35,7,20,3,5,0,0,0,1,1,0,1,6,0,0,0,.250,.286,.250,.536
Tim Locastro,NYY,OF,29,7,19,4,4,2,0,1,2,0,0,1,6,0,1,0,.211,.238,.474,.712
Luke Maile,MIL,C,30,8,19,1,4,1,0,0,1,0,0,2,6,0,0,1,.211,.318,.263,.581
Scott Kingery,PHI,2B,27,15,19,1,1,0,0,0,0,0,0,0,12,0,0,0,.053,.053,.053,.106
Hernan Perez,WAS,2B,30,10,19,1,1,0,0,0,0,0,0,2,10,0,0,0,.053,.143,.053,.196
Troy Stokes,PIT,OF,25,8,18,2,2,1,0,0,2,1,0,1,5,0,0,1,.111,.200,.167,.367
Rafael Marchan,PHI,C,22,8,18,2,5,1,0,0,0,0,0,1,6,0,0,0,.278,.316,.333,.649
Luis Garcia,WAS,2B,21,11,18,3,4,0,1,0,0,0,0,2,4,0,0,0,.222,.300,.333,.633
Khalil Lee,NYM,OF,23,11,18,2,1,1,0,0,1,0,0,0,13,0,0,0,.056,.056,.111,.167
Sebastian Rivero,KC,C,22,8,18,1,2,1,0,0,2,0,0,3,9,0,0,1,.111,.273,.167,.440
John Nogowski,STL,1B,28,19,18,2,1,0,0,0,0,0,0,1,2,0,0,1,.056,.150,.056,.206
Ildemaro Vargas,ARI,2B,29,9,17,2,3,0,0,0,3,0,0,1,3,0,0,0,.176,.222,.176,.398
Lewin Diaz,MIA,1B,24,11,17,3,2,0,0,2,3,0,0,0,6,0,0,0,.118,.118,.471,.589
Ronald Guzman,TEX,1B,26,7,16,1,1,0,0,1,1,0,0,1,6,0,0,0,.063,.118,.250,.368
Daniel Johnson,CLE,OF,26,6,16,0,1,0,0,0,0,0,0,0,8,0,0,0,.063,.063,.063,.126
Ka'ai Tom,OAK,OF,27,9,16,1,1,0,0,0,1,0,0,0,6,0,0,0,.063,.063,.063,.126
Johan Camargo,ATL,2B,27,15,16,1,0,0,0,0,0,0,0,2,6,0,0,0,.000,.111,.000,.111
Anderson Tejeda,TEX,SS,23,5,16,1,1,0,0,0,0,1,0,1,10,0,0,0,.063,.118,.063,.181
Max Moroff,STL,2B,28,6,16,0,1,0,0,0,1,0,0,0,10,0,0,0,.063,.063,.063,.126
Alejo Lopez,CIN,2B,25,8,16,3,5,0,0,0,0,0,0,0,3,0,0,0,.313,.313,.313,.626
Chadwick Tromp,SF,C,26,5,14,1,4,0,0,1,2,0,0,0,3,0,0,0,.286,.286,.500,.786
Jon Jay,LAA,OF,36,5,14,2,5,0,0,0,1,0,0,0,2,0,0,0,.357,.357,.357,.714
Jonathan Lucroy,WAS,C,35,5,14,0,5,1,0,0,2,0,0,0,2,0,0,0,.357,.357,.429,.786
Mike Tauchman,NYY,OF,30,11,14,1,3,1,0,0,0,2,0,1,6,1,0,0,.214,.267,.286,.553
Jacob Nottingham,MIL,C,26,5,14,2,3,1,0,2,4,0,0,0,8,0,0,0,.214,.214,.714,.928
Derek Hill,DET,OF,25,8,14,3,4,0,0,0,3,4,1,3,4,0,0,0,.286,.412,.286,.698
Ben Gamel,CLE,OF,29,11,14,1,1,1,0,0,0,0,0,3,6,0,0,0,.071,.235,.143,.378
Rodolfo Castro,PIT,2B,22,6,13,4,3,0,0,3,4,0,0,2,4,0,0,0,.231,.333,.923,1.256
Ildemaro Vargas,PIT,2B,29,7,13,0,1,0,0,0,1,0,0,0,3,0,0,0,.077,.077,.077,.154
Tres Barrera,WAS,C,26,5,13,2,3,0,1,0,2,0,0,0,5,0,0,1,.231,.286,.385,.671
Nick Martini,CHC,OF,31,12,12,2,1,0,0,0,1,0,0,2,3,0,1,0,.083,.200,.083,.283
Kevin Padlo,TB,3B,24,9,12,1,1,1,0,0,0,0,0,2,8,0,0,0,.083,.214,.167,.381
Travis Blankenhorn,NYM,3B,24,11,11,1,1,1,0,0,0,0,0,1,3,0,0,0,.091,.167,.182,.349
Seby Zavala,CWS,C,27,3,11,1,2,2,0,0,0,0,0,0,5,2,0,0,.182,.182,.364,.546
Connor Wong,BOS,C,25,4,11,2,3,1,0,0,0,0,0,0,7,0,0,0,.273,.273,.364,.637
Eric Campbell,SEA,1B,34,4,11,1,3,0,0,0,0,0,0,1,1,0,0,0,.273,.333,.273,.606
Ryan Lavarnway,CLE,C,33,4,11,1,3,1,0,0,0,0,0,1,4,0,0,0,.273,.333,.364,.697
Andy Burns,LAD,3B,30,9,11,2,3,1,0,0,0,0,0,3,1,0,0,1,.273,.467,.364,.831
Wilfredo Tovar,NYM,SS,29,6,11,0,2,0,0,0,1,0,0,1,4,0,0,0,.182,.250,.182,.432
Orlando Arcia,MIL,SS,26,4,11,0,1,0,0,0,1,0,0,0,3,0,0,0,.091,.091,.091,.182
Jose Lobaton,CHC,C,36,6,11,1,0,0,0,0,0,0,0,2,5,0,0,0,.000,.154,.000,.154
Nick Williams,CWS,OF,27,4,10,2,0,0,0,0,0,0,0,1,4,0,0,2,.000,.231,.000,.231
Kelvin Gutierrez,BAL,3B,26,4,10,0,3,0,0,0,0,0,0,1,3,0,0,0,.300,.364,.300,.664
Geraldo Perdomo,ARI,SS,21,4,10,1,1,0,0,0,0,0,0,3,2,0,0,0,.100,.308,.100,.408
Jaylin Davis,SF,OF,27,5,9,1,1,1,0,0,0,0,0,0,1,0,0,0,.111,.111,.222,.333
Vidal Brujan,TB,2B,23,4,9,1,1,0,0,0,1,1,0,0,3,0,0,0,.111,.111,.111,.222
Austin Romine,CHC,C,32,6,9,1,1,1,0,0,1,0,0,0,3,0,0,0,.111,.111,.222,.333
Jeff Mathis,ATL,C,38,3,9,0,0,0,0,0,0,0,0,0,5,0,0,0,.000,.000,.000,.000
Dillon Thomas,SEA,OF,28,2,8,2,1,0,0,0,2,0,0,0,6,0,0,0,.125,.125,.125,.250
Derek Fisher,MIL,OF,27,4,8,1,2,0,1,0,1,0,0,0,1,0,0,0,.250,.250,.500,.750
Jake Hager,NYM,SS,28,5,8,1,1,0,0,0,0,0,0,0,3,0,0,0,.125,.125,.125,.250
Rowdy Tellez,MIL,1B,26,5,8,0,1,0,0,0,0,0,0,2,3,0,0,0,.125,.300,.125,.425
Luis Gonzalez,CWS,OF,25,6,8,2,2,2,0,0,0,0,0,3,2,0,0,0,.250,.455,.500,.955
Tim Lopes,MIL,OF,27,5,8,1,1,0,0,0,0,0,1,1,4,0,0,0,.125,.222,.125,.347
Jack Mayfield,LAA,SS,30,7,8,0,0,0,0,0,0,0,0,0,2,1,0,0,.000,.000,.000,.000
Jonathan Arauz,BOS,2B,22,4,8,2,2,1,0,0,1,0,0,2,3,0,0,0,.250,.400,.375,.775
Keibert Ruiz,LAD,C,22,6,7,1,1,0,0,1,1,0,0,0,5,0,0,0,.143,.143,.571,.714
Stuart Fairchild,ARI,OF,25,6,7,2,1,0,0,0,0,0,0,0,1,0,0,0,.143,.143,.143,.286
Ryan LaMarre,NYY,OF,32,3,7,0,0,0,0,0,0,0,0,1,1,0,0,0,.000,.125,.000,.125
John Andreoli,SD,OF,31,7,6,2,1,1,0,0,0,0,0,1,3,0,0,0,.167,.286,.333,.619
Alex De Goti,HOU,2B,26,2,6,2,2,0,0,0,1,0,0,1,2,0,0,0,.333,.429,.333,.762
Luis Marte,MIA,SS,27,4,6,2,1,0,0,0,0,0,0,1,2,0,0,0,.167,.286,.167,.453
Matt Vierling,PHI,OF,24,5,6,1,3,0,0,0,0,1,0,0,2,0,0,0,.500,.500,.500,1.000
Joey Bart,SF,C,24,2,6,1,2,0,0,0,1,0,0,0,2,0,0,0,.333,.333,.333,.666
JT Riddle,MIN,3B,29,4,6,1,2,0,0,0,0,0,0,0,0,0,0,0,.333,.333,.333,.666
Austin Allen,OAK,C,27,2,6,1,1,0,0,1,1,0,0,0,2,0,0,0,.167,.167,.667,.834
Ryan McBroom,KC,1B,29,5,6,1,1,0,0,0,0,0,0,1,5,0,0,0,.167,.286,.167,.453
Tyler Nevin,BAL,1B,24,2,5,0,1,1,0,0,0,0,0,1,2,0,0,0,.200,.333,.400,.733
Ronnie Dawson,HOU,OF,26,3,5,2,1,0,0,0,0,0,0,1,0,0,0,0,.200,.333,.200,.533
Scott Hurst,STL,OF,25,7,5,0,0,0,0,0,0,0,0,0,1,0,0,0,.000,.000,.000,.000
Luis Barrera,OAK,OF,25,4,5,0,1,0,0,0,0,0,0,0,2,0,0,0,.200,.200,.200,.400
Emmanuel Rivera,KC,3B,25,2,5,0,2,0,0,0,0,0,0,0,1,0,0,0,.400,.400,.400,.800
Monte Harrison,MIA,OF,25,4,5,0,1,0,0,0,0,0,1,0,1,1,0,0,.200,.200,.200,.400
Bryan Holaday,ARI,C,33,2,5,0,0,0,0,0,0,0,0,0,2,0,0,0,.000,.000,.000,.000
Robinson Chirinos,CHC,C,37,5,5,1,1,0,0,1,1,0,0,3,3,0,0,0,.200,.500,.800,1.300
Jonathan Lucroy,ATL,C,35,2,5,2,1,0,0,0,1,0,0,3,2,1,0,0,.200,.500,.200,.700
Hunter Owen,PIT,3B,27,3,4,0,0,0,0,0,0,0,0,0,3,0,0,1,.000,.200,.000,.200
Patrick Kivlehan,SD,3B,31,5,4,3,1,0,0,0,2,0,0,2,3,0,1,1,.250,.500,.250,.750
Taylor Gushue,CHC,C,27,2,4,0,0,0,0,0,0,0,0,0,3,0,0,0,.000,.000,.000,.000
Cal Raleigh,SEA,C,24,1,4,0,0,0,0,0,0,0,0,0,2,0,0,0,.000,.000,.000,.000
Zach Reks,LAD,OF,27,3,4,2,0,0,0,0,0,0,0,0,2,0,0,0,.000,.000,.000,.000
Braden Bishop,SEA,OF,27,8,4,1,1,0,0,0,0,0,0,0,2,1,0,0,.250,.250,.250,.500
Kevan Smith,TB,C,33,3,4,2,1,0,0,0,0,0,0,0,2,0,0,0,.250,.250,.250,.500
Ali Sanchez,STL,C,24,1,3,0,1,1,0,0,0,0,0,0,0,0,0,0,.333,.333,.667,1.000
Estevan Florial,NYY,OF,23,1,3,0,1,1,0,0,0,0,0,0,1,0,0,0,.333,.333,.667,1.000
Ivan Castillo,SD,2B,26,3,3,0,1,0,0,0,1,0,0,1,0,0,0,0,.333,.500,.333,.833
Deven Marrero,MIA,SS,30,1,3,0,0,0,0,0,0,0,0,0,0,0,0,0,.000,.000,.000,.000
Jacob Wilson,OAK,3B,30,2,3,0,0,0,0,0,0,0,0,0,0,0,0,0,.000,.000,.000,.000
Jared Hoying,TOR,OF,32,2,3,0,0,0,0,0,0,0,0,0,1,0,0,0,.000,.000,.000,.000
Humberto Arteaga,WAS,SS,27,1,3,0,0,0,0,0,1,0,0,0,0,0,1,0,.000,.000,.000,.000
Jakson Reetz,WAS,C,25,2,2,1,1,1,0,0,0,0,0,0,0,0,0,0,.500,.500,1.000,1.500
Joe Odom,TB,C,29,2,2,0,0,0,0,0,0,0,0,0,1,0,0,0,.000,.000,.000,.000
Corey Ray,MIL,OF,26,1,2,1,0,0,0,0,0,0,0,1,1,0,0,0,.000,.333,.000,.333
Sean Kazmar,ATL,SS,36,3,2,0,0,0,0,0,0,0,0,0,0,0,0,0,.000,.000,.000,.000
Cody Wilson,WAS,OF,25,1,1,0,0,0,0,0,0,0,0,0,0,0,0,0,.000,.000,.000,.000
Carter Kieboom,WAS,3B,23,2,1,0,0,0,0,0,0,0,0,1,1,0,0,0,.000,.500,.000,.500
Skye Bolt,SF,OF,27,2,1,0,0,0,0,0,0,0,0,0,1,0,0,0,.000,.000,.000,.000
Mario Feliciano,MIL,C,22,1,0,1,0,0,0,0,0,0,0,1,0,0,0,0,.000,1.000,.000,1.000